{
    "city_size_x": [
        -10,
        10
    ],
    "city_size_y": [
        -10,
        10
    ],
    "existing_stores": [
        [
            -7.909565498104614,
            8.01593301064091
        ],
        [
            -9.156236622146924,
            -6.973749192592504
        ],
        [
            7.5318711451408795,
            -9.25235862127392
        ],
        [
            -1.452740446727006,
            6.52895091505458
        ],
        [
            4.141732397329861,
            0.6941032471072468
        ],
        [
            0.15500845454559453,
            -1.4970938438712285
        ],
        [
            -6.145838197955744,
            -7.955641130532316
        ],
        [
            -7.7947533310564605,
            0.13844509903727875
        ],
        [
            4.466328858618809,
            -3.4153086397973027
        ]
    ],
    "new_stores": [
        [
            -4.097518435653829,
            -7.739408109598907
        ],
        [
            -5.398825765391848,
            -7.351189928127337
        ],
        [
            9.99244171308706,
            -5.966569693371737
        ],
        [
            -6.040444079569351,
            -0.638047662234067
        ],
        [
            -8.861586231929747,
            -7.005828177482963
        ],
        [
            -2.5491972291473104,
            -2.880468241521063
        ],
        [
            -6.29242577360841,
            -0.741781458109676
        ],
        [
            -0.6160491709972788,
            7.491616939147036
        ],
        [
            2.334665672526498,
            0.6205407553418674
        ],
        [
            5.827399253710352,
            -5.216948586749299
        ],
        [
            -7.6765111503151555,
            -7.926309466816379
        ],
        [
            -9.28958578493415,
            1.5910385369607738
        ],
        [
            -6.015943772959198,
            -0.9025514618091712
        ],
        [
            -7.06436351134969,
            7.619359293755881
        ],
        [
            6.966843305553027,
            8.163172666409956
        ],
        [
            4.308962377532213,
            7.498275902422034
        ],
        [
            -6.803657953740069,
            2.263851321737217
        ],
        [
            -4.911096839334239,
            -0.19059889132178043
        ],
        [
            -6.9767331584128955,
            9.24418833948722
        ],
        [
            6.4373059524017435,
            0.1229180746834917
        ],
        [
            -6.1939813918455915,
            -7.112837418190885
        ],
        [
            7.405382408822309,
            2.4549784843536955
        ],
        [
            7.542805587426205,
            5.854385197526508
        ],
        [
            2.32804868237481,
            5.887136628031902
        ],
        [
            4.791274419372506,
            -2.9772860069383427
        ],
        [
            -2.199110785029365,
            7.782843563952341
        ],
        [
            3.482108021795421,
            -9.94420167739497
        ],
        [
            4.825445968832508,
            -3.0935902085413076
        ],
        [
            2.947562266121613,
            2.0369371343147353
        ],
        [
            4.9975657479832805,
            -6.951762061142142
        ],
        [
            6.450361314164429,
            3.9399084814158662
        ],
        [
            -3.387297570108969,
            3.8016737190565486
        ],
        [
            -0.999568459531206,
            -7.1890418584464255
        ],
        [
            6.145093918885156,
            -7.835887147581097
        ],
        [
            2.7738062145500884,
            -1.1861373210596398
        ],
        [
            -5.180171225010827,
            -2.629298699359353
        ],
        [
            -5.315745082818795,
            7.708447090219842
        ],
        [
            -1.420264880985222,
            -6.010407321599567
        ],
        [
            -5.239516571859659,
            2.2269166828484988
        ],
        [
            1.7350227398027336,
            -9.098600208770451
        ],
        [
            -3.4845643315983583,
            -3.888030819920248
        ],
        [
            -8.517843722904367,
            7.312378153012844
        ],
        [
            -0.9174950254978462,
            -0.34052759534343124
        ],
        [
            -0.1581983652297385,
            -9.645071072820006
        ],
        [
            -7.309961274909349,
            5.259805433566569
        ],
        [
            9.997077043294016,
            5.741070855229113
        ],
        [
            4.299888387432102,
            2.8007806897875636
        ],
        [
            0.7140323746050274,
            9.59830380336738
        ],
        [
            -8.529283595761669,
            -6.859601401315105
        ],
        [
            4.7975825782014585,
            -3.6038752860810614
        ],
        [
            -8.431425293526921,
            -8.853237673159828
        ],
        [
            0.1453596686521319,
            2.488177292494493
        ],
        [
            1.7776729582929036,
            4.235933648865222
        ],
        [
            -2.574864650063649,
            5.9486019031970745
        ],
        [
            -7.72016235113705,
            4.441405978776352
        ],
        [
            -8.727644728102092,
            -8.707106059505612
        ],
        [
            -0.8089115897779884,
            -3.204489691161026
        ],
        [
            -7.060774595904453,
            -7.542427019089288
        ],
        [
            -5.749800029019796,
            -8.146756191689802
        ],
        [
            -3.8214633210659628,
            0.8883922687203913
        ],
        [
            5.563869212978199,
            8.980413791849397
        ],
        [
            9.72950428133474,
            -7.344991946085515
        ],
        [
            -0.5317402091971886,
            2.7007018836985814
        ],
        [
            -8.084838655721082,
            -5.209433647386808
        ],
        [
            -8.644632118814881,
            -9.3772291013153
        ],
        [
            5.490860148474162,
            0.643227986563744
        ],
        [
            5.936251342667855,
            -5.675735483331659
        ],
        [
            -7.616853167118736,
            -2.053676117338523
        ],
        [
            -2.136218781326688,
            3.0366789723670813
        ],
        [
            -3.444675990213934,
            -3.216880861505171
        ],
        [
            -4.647305962152545,
            -1.5991590128829678
        ],
        [
            9.536179968068662,
            -1.764970995592133
        ],
        [
            -9.517606987779676,
            -5.152816990913123
        ],
        [
            8.71592379775144,
            -4.991581169025676
        ],
        [
            -9.895947302004364,
            6.819990376400455
        ],
        [
            6.625131568523411,
            3.5455642999695076
        ],
        [
            8.138876146415793,
            -3.1375037108740518
        ],
        [
            6.353628800458104,
            -5.660297185599566
        ],
        [
            4.721356029002184,
            6.8032644526031625
        ],
        [
            -6.377809389538706,
            -8.705946614039659
        ],
        [
            -4.6620889813167015,
            -6.644051090286935
        ],
        [
            8.830260449160512,
            -8.239347950367105
        ],
        [
            0.7724922385462527,
            -6.829024546804603
        ],
        [
            -3.3295236344356027,
            0.20171948658003558
        ],
        [
            4.44488919998909,
