{
    "city_size_x": [
        -10,
        10
    ],
    "city_size_y": [
        -10,
        10
    ],
    "existing_stores": [
        [
            -2.0984279111366426,
            -3.4133476952143305
        ],
        [
            -9.830515047984274,
            1.5823568415511637
        ],
        [
            -1.9977942838267921,
            1.230584103025187
        ],
        [
            3.420062692478247,
            4.999057037400025
        ],
        [
            -6.856869400896047,
            8.453330605247732
        ],
        [
            -5.297471328721059,
            9.511277705381495
        ],
        [
            3.891129945692633,
            -5.064963894919526
        ],
        [
            -8.358058399472144,
            -1.7147863930505025
        ],
        [
            0.37607404174932846,
            6.529518411402453
        ],
        [
            1.0194260460189337,
            5.569530170575327
        ]
    ],
    "new_stores": [
        [
            -3.420345514342131,
            -4.5839925950724965
        ],
        [
            -2.228860445377279,
            -3.669216430250131
        ],
        [
            -6.662731074410133,
            -2.559075524539911
        ],
        [
            -9.981982177811528,
            8.898313746346393
        ],
        [
            0.09564442069098611,
            -2.3257093169786414
        ],
        [
            4.077538821409547,
            8.656036151460238
        ],
        [
            -9.749934912600812,
            -5.928880819266899
        ],
        [
            -7.210944361189327,
            2.7553559064338486
        ],
        [
            -4.20722601011307,
            -4.262908965982588
        ],
        [
            -2.9651984697796374,
            -3.8179943110085173
        ],
        [
            3.0677996732186763,
            -3.144389154373652
        ],
        [
            1.7446513557767656,
            2.1836447650993396
        ],
        [
            -9.820588687913327,
            5.221790985446756
        ],
        [
            7.252271800411119,
            7.313106310893133
        ],
        [
            -8.95101178748001,
            6.537020179223045
        ],
        [
            -2.678695038996679,
            -3.957545245780234
        ],
        [
            1.8106617740555428,
            -7.342677710246579
        ],
        [
            5.898837494474744,
            9.517621300697346
        ],
        [
            -7.06815897057381,
            -1.7583903895789597
        ],
        [
            -6.5418598633334675,
            7.3211631676868905
        ],
        [
            -9.99692699262642,
            -7.350510361479126
        ],
        [
            1.6171966332770218,
            5.233232362678759
        ],
        [
            4.188938330299576,
            -9.04919444096986
        ],
        [
            -6.282909549930073,
            5.314259455944052
        ],
        [
            1.9340077496637615,
            9.78408249030253
        ],
        [
            9.2006545041272,
            2.847826297701893
        ],
        [
            1.130140774699992,
            -1.9658739535690408
        ],
        [
            -7.507215546359804,
            -4.418911992269852
        ],
        [
            -0.9648764689834692,
            1.5373582369506096
        ],
        [
            4.307290216449848,
            4.517642424387509
        ],
        [
            3.392583499573991,
            4.818229078190848
        ],
        [
            7.39451743962438,
            -9.392861028901645
        ],
        [
            -6.2801509833113585,
            1.3623954292516434
        ],
        [
            -4.44632380902894,
            7.7192258559310325
        ],
        [
            6.39042873030245,
            -5.293053694815342
        ],
        [
            5.724188938411597,
            -5.899197103681663
        ],
        [
            -4.792901445177935,
            6.855289747213952
        ],
        [
            9.966991798876922,
            -6.408168915668768
        ],
        [
            7.973222429338804,
            -4.024210312305268
        ],
        [
            0.6120222341756776,
            -7.129143023831304
        ],
        [
            2.8974314108695545,
            2.7359260911454513
        ],
        [
            -7.795315803952989,
            1.2135430709137847
        ],
        [
            -3.7616793312805914,
            1.314639536443707
        ],
        [
            1.5764426367884568,
            4.836932616637814
        ],
        [
            2.6545868333510914,
            -9.223066390014921
        ],
        [
            -5.067307907261334,
            2.86976333392575
        ],
        [
            9.082642505607193,
            4.1169628306563855
        ],
        [
            8.35801882514717,
            1.5189328884726052
        ],
        [
            -1.4957723963898815,
            -0.21874545134988566
        ],
        [
            9.776820227065649,
            5.0946976927827805
        ],
        [
            1.9925874078330175,
            -6.298784904443644
        ],
        [
            8.81148902332945,
            2.3946354199745006
        ],
        [
            3.289662604094868,
            -6.815542280611496
        ],
        [
            -3.0721194538351497,
            -9.908307492657642
        ],
        [
            2.5457640187423074,
            -1.7453395750864402
        ],
        [
            -7.787055471016395,
            -9.150595897683099
        ],
        [
            -3.6446555585143425,
            -8.526487531300504
        ],
        [
            9.247912042567357,
            -7.179065995415281
        ],
        [
            6.323838841279887,
            7.039876330933119
        ],
        [
            5.610250379140693,
            2.534043014018623
        ],
        [
            -2.422975665935967,
            0.20719493914904774
        ],
        [
            0.31835873760440236,
            2.9617961558998473
        ],
        [
            -4.060864433857461,
            -2.1546887059270237
        ],
        [
            -1.3309272109521473,
            1.257779443278471
        ],
        [
            4.168106853178905,
            3.980343958143955
        ],
        [
            -7.175581236078445,
            -0.5262353273687204
        ],
        [
            -5.8342160029921715,
            3.958535067851649
        ],
        [
            9.149078414492909,
            -7.789715867551353
        ],
        [
            8.979441804758405,
            -0.13744910020643708
        ],
        [
            -6.422070226489998,
            4.8191274467360685
        ],
        [
            9.176338293194007,
            9.715222389404236
        ],
        [
            -3.854409761853754,
            5.1866545808788445
        ],
        [
            5.21411965564371,
            7.167785310658793
        ],
        [
            1.6662573392418558,
            -5.4832712529749905
        ],
        [
            -8.808148483144688,
            -1.6069175812916008
        ],
        [
            -2.229032164886096,
            1.35388966928865
        ],
        [
            -9.020561120924777,
            6.586519533042697
        ],
        [
            3.1245050768729534,
            -0.44235342528186017
        ],
        [
            1.6840367608751894,
            0.19667101565374523
        ],
        [
            -6.453762129428684,
            7.42984446053477
        ],
        [
            4.267879257850852,
            7.927876803195829
        ],
        [
            8.753805259732651,
            -6.094999517975843
        ],
        [
            0.9068827356078124,
            4.640740702461265
        ],
        [
            8.528135855039089,
            7.940230864491717
