{
    "city_size_x": [
        -10,
        10
    ],
    "city_size_y": [
        -10,
        10
    ],
    "existing_stores": [
        [
            -8.107623661672857,
            5.823866906128266
        ],
        [
            -3.9804370682200663,
            -6.386771961889062
        ],
        [
            8.326962278746656,
            -5.467378092665731
        ],
        [
            8.523370831455704,
            -4.607743757078255
        ],
        [
            2.409415092195534,
            3.4196190484730487
        ],
        [
            -2.397501168771883,
            1.779695552287464
        ],
        [
            -8.578864069166869,
            8.621767030226636
        ],
        [
            6.887718909919936,
            1.709287121397674
        ],
        [
            -2.9592476610643796,
            -5.586134407555717
        ],
        [
            2.9811432819198345,
            3.744797997770492
        ]
    ],
    "new_stores": [
        [
            -4.223068254987739,
            9.172196743288886
        ],
        [
            7.810814677170832,
            -9.08862276386574
        ],
        [
            8.277071381603452,
            -7.019407006917264
        ],
        [
            -0.4692863949473889,
            4.7428816196167425
        ],
        [
            1.5841031746502878,
            5.3468065554356095
        ],
        [
            5.772127061336128,
            -4.312997879129085
        ],
        [
            1.5350111478011783,
            8.993938297054235
        ],
        [
            5.498510621175615,
            7.102763455575008
        ],
        [
            -8.412032695173144,
            0.8306307173580585
        ],
        [
            3.3981896911766913,
            9.349274701028886
        ],
        [
            9.116690825559747,
            -8.21255889994607
        ],
        [
            9.947230258251732,
            6.660729341197385
        ],
        [
            1.7564045247691666,
            2.277474457583196
        ],
        [
            -1.099294411413208,
            -1.3673078256341853
        ],
        [
            1.812753844273578,
            -0.271869389532009
        ],
        [
            6.535899471771206,
            -6.261749481194259
        ],
        [
            -1.0710393007486942,
            -7.002329415259059
        ],
        [
            -4.926218643374501,
            9.848282085730911
        ],
        [
            -6.469265353888785,
            -5.078364271780879
        ],
        [
            0.25777982842256186,
            2.4614253831398702
        ],
        [
            -4.987332893379635,
            -4.027533580799498
        ],
        [
            -9.960544157660163,
            9.414759152460846
        ],
        [
            8.700585673407886,
            -6.600523782482297
        ],
        [
            -6.281133082909469,
            -6.986456340623885
        ],
        [
            -7.825501099767866,
            -2.2613411925491196
        ],
        [
            2.3893345861206132,
            9.278726303555317
        ],
        [
            -4.293291984021728,
            -3.75691528698135
        ],
        [
            7.374131142022193,
            -2.0656985831017955
        ],
        [
            -5.468622341370956,
            -0.5061553084560018
        ],
        [
            7.632477461954828,
            -5.889115187302001
        ],
        [
            6.9961900278469855,
            -5.185168905135487
        ],
        [
            -6.068535361438516,
            2.853192508753853
        ],
        [
            -5.920971732295611,
            -9.798108722684542
        ],
        [
            8.448452846168347,
            6.7251413510137965
        ],
        [
            0.2723577499982017,
            3.7217251648912573
        ],
        [
            -1.5007665878121461,
            -8.826360973192791
        ],
        [
            0.1180286001707902,
            -7.467038950601587
        ],
        [
            9.26377081042314,
            -7.0672864345357045
        ],
        [
            -2.4283135501947477,
            -6.572042203613362
        ],
        [
            -6.287705851778234,
            0.9696451653552671
        ],
        [
            4.6627196861132845,
            -4.180327325146072
        ],
        [
            -7.062229837481906,
            -2.4022075748044447
        ],
        [
            -1.7498412429087278,
            3.9681253516201913
        ],
        [
            4.250306822985818,
            0.21574778854305876
        ],
        [
            -0.17776221623394406,
            -4.820526764022331
        ],
        [
            -7.022202232804884,
            9.532901559500758
        ],
        [
            -4.341172985235875,
            9.988203900096902
        ],
        [
            -0.5918030030146717,
            -8.81505923715199
        ],
        [
            -9.134966999379273,
            -2.3457328796120924
        ],
        [
            -1.63231424108929,
            5.305523774452119
        ],
        [
            -6.0935008186043245,
            -4.345777484156934
        ],
        [
            3.09687940704967,
            -5.786819830460066
        ],
        [
            3.760185482479921,
            -3.221512232595572
        ],
        [
            -0.8578294251477345,
            -3.0744813839142404
        ],
        [
            -3.207654870896876,
            -8.23922225055193
        ],
        [
            -0.9826697732232006,
            -4.5394474537450975
        ],
        [
            5.969271012658952,
            -3.648840035301461
        ],
        [
            -9.273680658680679,
            4.738533525039763
        ],
        [
            -4.576154726415458,
            -5.334062863760495
        ],
        [
            -1.1309011621283958,
            7.687780886689911
        ],
        [
            -6.0729287413718485,
            -8.355520657574885
        ],
        [
            4.997552140768022,
            -1.5843178093586268
        ],
        [
            3.6264063088572875,
            4.741648697137212
        ],
        [
            -1.2926134354222292,
            3.8593022745638077
        ],
        [
            -6.617630725002073,
            6.939212129376333
        ],
        [
            -8.328792554885666,
            -0.24123725686576059
        ],
        [
            5.144073048816175,
            5.864715135291561
        ],
        [
            -9.966006355873658,
            1.3601358437577478
        ],
        [
            8.804997233511173,
            -5.920945329700247
        ],
        [
            -1.1205094797649906,
            -8.09376018743534
        ],
        [
            2.837956693507442,
            6.922024994796416
        ],
        [
            -2.7521563905284907,
            -7.198924662973576
        ],
        [
            7.624065973264166,
            0.6121445532001939
        ],
        [
            -4.632138813197832,
            6.553057088790702
        ],
        [
            6.472286979187661,
            -4.736522893192447
        ]
    ]
}