{
    "city_size_x": [
        -10,
        10
    ],
    "city_size_y": [
        -10,
        10
    ],
    "existing_stores": [
        [
            0.023302366921370776,
            -2.637306748256851
        ],
        [
            7.05501536851094,
            -1.0074620804533012
        ],
        [
            -7.528918224257506,
            4.4770219932166615
        ],
        [
            7.876125835690214,
            -8.642452228459938
        ],
        [
            -8.529101239845609,
            9.037562081998292
        ],
        [
            -2.4843874672073234,
            -7.736767402658458
        ],
        [
            -9.802208373274775,
            5.163620224570089
        ],
        [
            5.145544841998175,
            4.903716528901956
        ],
        [
            -3.5392542499466284,
            6.359557363006466
        ],
        [
            -5.183566601547351,
            7.640803957695688
        ],
        [
            -2.7726604582659586,
            7.674308809837793
        ],
        [
            -6.672643865791537,
            2.0895764096622127
        ],
        [
            7.78433261784879,
            -8.264779289318911
        ],
        [
            6.100452536659201,
            -9.112960277211013
        ],
        [
            -0.9743593771026031,
            5.819035088131738
        ]
    ],
    "new_stores": [
        [
            5.105575564364887,
            -2.622488281354263
        ],
        [
            -5.958812305430074,
            3.734175101603274
        ],
        [
            -1.8286266991906572,
            -4.6370896899698515
        ],
        [
            -3.5132392700286275,
            9.82431741944076
        ],
        [
            9.883667247922098,
            -4.507096430385489
        ],
        [
            -5.846366646567378,
            0.5961581841439312
        ],
        [
            8.753910961331009,
            8.366484395062649
        ],
        [
            -3.0238752350548044,
            -9.645897830110606
        ],
        [
            -5.589991696483465,
            -5.86687234604093
        ],
        [
            2.5182648630191355,
            3.9955511355254565
        ],
        [
            -6.702083891964607,
            0.06717507343210194
        ],
        [
            1.1055423604352121,
            -3.37078373442629
        ],
        [
            0.1960155995956896,
            -4.292374858385102
        ],
        [
            7.073469950801403,
            5.1548260749085415
        ],
        [
            -6.949559482974128,
            -1.3757577665990404
        ],
        [
            -9.48996840649599,
            0.22235341780465845
        ],
        [
            1.9622401930106896,
            5.787204574403033
        ],
        [
            1.6325957038310772,
            -2.071656087977569
        ],
        [
            1.721985409794545,
            -2.0899158545604557
        ],
        [
            -4.127593903622797,
            -4.714242573073886
        ],
        [
            -9.41803369164715,
            1.6858699612250643
        ],
        [
            6.957711062176447,
            -7.376522150832949
        ],
        [
            -8.690991631165408,
            5.022861637557504
        ],
        [
            -3.211435317479645,
            -0.4809326306911128
        ],
        [
            -9.43304662799118,
            9.56037709854207
        ],
        [
            -3.3751037169950777,
            -6.068927896758938
        ],
        [
            7.95585181029184,
            -8.407366550882431
        ],
        [
            -4.861923561140382,
            -9.62891945865072
        ],
        [
            -0.7831832993375603,
            5.122175401394456
        ],
        [
            -9.135735499462974,
            -0.0502085126368641
        ],
        [
            5.318870037126578,
            6.885377582762587
        ],
        [
            1.7223695509817443,
            1.6892876525857758
        ],
        [
            -8.09219983506864,
            7.516442007032673
        ],
        [
            -9.752263108630085,
            3.0007685701357296
        ],
        [
            3.143976394154553,
            1.6018312767633152
        ],
        [
            -7.002425888942336,
            8.535817365369368
        ],
        [
            -6.7668658167816105,
            -7.452856643731318
        ],
        [
            -1.7245856702178095,
            -9.552561723844185
        ],
        [
            1.8617227772385636,
            7.3601525370212215
        ],
        [
            -1.5722823118154583,
            -2.6480442645773845
        ],
        [
            -5.826280312478323,
            -2.016258381431337
        ],
        [
            -4.599614950402766,
            0.01610227542410847
        ],
        [
            5.905190031966148,
            -3.2648272726732763
        ],
        [
            0.1183180238943411,
            5.152495904623022
        ],
        [
            2.469874849111184,
            -5.18243976673014
        ],
        [
            3.1629305814333364,
            -3.7371410195540182
        ],
        [
            7.559804881661915,
            4.881808023583119
        ],
        [
            -1.358655757713347,
            1.0728612825740882
        ],
        [
            -0.25573773498059005,
            -9.358326136105719
        ],
        [
            9.006855380247696,
            6.5635908358402375
        ],
        [
            -2.136504157762655,
            -4.072061739679789
        ],
        [
            7.897213439073013,
            -6.34326236760427
        ],
        [
            -1.4079864527697943,
            -9.156875168165184
        ],
        [
            -4.93011419476078,
            9.135423755695726
        ],
        [
            5.043695656848001,
            -2.667146034349681
        ],
        [
            8.988886570511639,
            -5.485283055324652
        ],
        [
            0.2891007632024518,
            6.4164974059430975
        ],
        [
            2.219417381278019,
            4.744382820347839
        ],
        [
            -4.95798223126811,
            9.276848590645724
        ],
        [
            8.073865469917784,
            4.717333193236243
        ],
        [
            -8.667573727966209,
            4.005366668949353
        ],
        [
            9.839316332875146,
            -5.835681408136617
        ],
        [
            5.2994105447906,
            1.979490461234107
        ],
        [
            -8.648605591860271,
            0.015435222600919118
        ],
        [
            -5.831287916010918,
            -1.8564661633442014
        ],
        [
            -7.7209085873038035,
            -2.916495101913563
        ],
        [
            7.985571705213562,
            -5.332669157703023
        ],
        [
            -5.711190515556921,
            4.144895434331255
        ],
        [
            5.503032716610896,
            4.272241453205838
        ],
        [
            -6.307902888997015,
            -9.02536655005395
        ],
        [
            6.380428459798104,
            -3.842915920533427
        ],
        [
            5.207696750023608,
            -0.8884710366531365
        ],
        [
            -9.437095575469503,
            -5.958528661950857
        ],
        [
            -4.565449474802712,
            -8.240006400544097
        ],
        [
            0.6803866515827401,
            -0.018076232042398388
        ],
        [
            7.507342280098932,
            6.494107281778405
        ],
        [
            4.2376295689503145,
            6.672826649430739
        ],
        [
            3.656288126222478,
            9.794972205426255
        ],
        [
            -0.3207050438962895,
            -6.636066985370626
