{
    "city_size_x": [
        -10,
        10
    ],
    "city_size_y": [
        -10,
        10
    ],
    "existing_stores": [
        [
            -8.333435418328513,
            -0.5787359494462372
        ],
        [
            1.8520759643761444,
            5.620763763874033
        ],
        [
            5.687183080141153,
            -1.1551026442755212
        ],
        [
            -6.006502579058015,
            7.216356495920849
        ],
        [
            5.549791751933855,
            8.712434574144446
        ]
    ],
    "new_stores": [
        [
            -1.334784031542629,
            -9.750677685578204
        ],
        [
            9.888234864488027,
            6.792143236994491
        ],
        [
            5.08453840113871,
            4.45974417768484
        ],
        [
            -3.743406579092574,
            1.9189530572996372
        ],
        [
            0.03176739807148543,
            -1.6448472503701055
        ],
        [
            1.5672452736975355,
            -4.674490281472159
        ],
        [
            -0.23728662100136333,
            7.278749189061408
        ],
        [
            -2.161451978900592,
            4.775710965562146
        ],
        [
            7.5243623521865715,
            -9.696054765411304
        ],
        [
            -6.687416656675702,
            -2.801793994171538
        ],
        [
            -5.588596540145971,
            -4.742912355145945
        ],
        [
            -6.8829222453825345,
            0.7695651046291658
        ],
        [
            1.206535527759435,
            -6.664742343123125
        ],
        [
            3.5677005970629985,
            0.4355007641835158
        ],
        [
            9.702151129139502,
            -5.372868278266026
        ],
        [
            0.8382402348126945,
            -7.994028394010244
        ],
        [
            5.435585124251748,
            3.8914937674730794
        ],
        [
            4.027914431544829,
            8.68665421981197
        ],
        [
            3.00180816558189,
            8.507002600361215
        ],
        [
            -6.682618142042509,
            -7.194455494033609
        ],
        [
            -2.549256345907091,
            4.622888357810169
        ],
        [
            0.3576338860103334,
            -4.297903619520483
        ],
        [
            7.400055331264873,
            2.741895080166872
        ],
        [
            7.777776197694017,
            2.269643800277519
        ],
        [
            -7.57835836305407,
            5.187286189150363
        ],
        [
            -0.2011481249698832,
            2.9006465836279247
        ],
        [
            7.442620278207428,
            6.604003641233188
        ],
        [
            7.197242575936286,
            -1.3743647229863925
        ],
        [
            -6.195464657171166,
            -0.7515407343612317
        ],
        [
            9.59905778710748,
            -5.215103517600868
        ],
        [
            -7.811186419535277,
            7.379144861945445
        ],
        [
            2.5699300191531442,
            -5.594820367816795
        ],
        [
            -4.558935610051225,
            -6.640095587421568
        ],
        [
            -5.130418644429822,
            1.9623426024391044
        ],
        [
            -3.039101466738721,
            -0.05418446458805448
        ],
        [
            3.1022484300555213,
            3.1405923815903254
        ],
        [
            -8.08482652948882,
            -1.356572328909035
        ],
        [
            8.92270552280808,
            -2.0697020981115433
        ],
        [
            -2.462472900358714,
            1.5646170636681838
        ],
        [
            6.469455530348256,
            -3.777150965916669
        ],
        [
            -1.1261810188862231,
            4.48380264996203
        ],
        [
            6.598906514603428,
            -8.770674592369732
        ],
        [
            1.9859765179031275,
            -8.89803865252423
        ],
        [
            0.9153225584507254,
            2.4049713936176786
        ],
        [
            4.162687653451336,
            -4.986774063435582
        ],
        [
            -0.23398832579430007,
            -1.2157078649521793
        ],
        [
            9.471574838373197,
            2.961148191917067
        ],
        [
            -6.596356556706167,
            8.408139156815047
        ],
        [
            -3.2118449044517705,
            3.6312537963902347
        ],
        [
            2.2099976925369766,
            0.12757146654050544
        ]
    ]
}