{
    "city_size_x": [
        -10,
        10
    ],
    "city_size_y": [
        -10,
        10
    ],
    "existing_stores": [
        [
            3.3732039136600775,
            6.578745714698261
        ],
        [
            -5.635676659360334,
            -7.3151649139546056
        ],
        [
            -6.012282070272665,
            6.5170955085854665
        ],
        [
            -2.520464477856672,
            3.4177147901867144
        ],
        [
            -3.5741403838962356,
            -7.162731463158359
        ],
        [
            -8.396571129897312,
            6.4527639943261335
        ],
        [
            -2.200326866274498,
            -1.933236798245094
        ],
        [
            -4.311410860661768,
            1.174318704184392
        ],
        [
            6.796680855329605,
            -1.0021087668753363
        ],
        [
            -2.185461992454454,
            7.424338466722716
        ],
        [
            9.38688359523125,
            8.546191200542228
        ],
        [
            2.845679009520115,
            1.5945644596828341
        ],
        [
            -6.332702437675939,
            -3.3295795717901733
        ],
        [
            -5.586585000846249,
            -6.2383447705960275
        ],
        [
            0.9103587984807859,
            7.684054607455341
        ],
        [
            5.467728066343252,
            8.414796314824773
        ],
        [
            8.587340378930325,
            -7.246774621853522
        ],
        [
            -6.083164535677348,
            -5.836402068796671
        ]
    ],
    "new_stores": [
        [
            0.5331367325463869,
            5.077078267296471
        ],
        [
            -8.461299096861019,
            3.7775169171260554
        ],
        [
            2.791135864190359,
            4.246092808118121
        ],
        [
            6.721975641877819,
            -1.8499939338494347
        ],
        [
            1.9782956677096148,
            2.295892613771283
        ],
        [
            0.6193712968886373,
            6.513730910882213
        ],
        [
            2.8846362993585934,
            -4.493331154650832
        ],
        [
            -3.817223279596192,
            -4.845323364286096
        ],
        [
            4.0486843899728235,
            -1.8429243661413945
        ],
        [
            -6.989352178189694,
            -5.2684014656780604
        ],
        [
            1.7870865331916832,
            -9.995221853908543
        ],
        [
            -4.108139333966438,
            -0.9015070373941203
        ],
        [
            -1.7289830367377856,
            -6.559727278642384
        ],
        [
            -2.9763359465823296,
            1.507137004486676
        ],
        [
            0.5830290388597383,
            2.6177028742184483
        ],
        [
            4.637333964624734,
            0.5031774822481427
        ],
        [
            6.161810777736601,
            -7.17904511107053
        ],
        [
            -5.439999220270537,
            -4.015208360863776
        ],
        [
            -0.6384610410996885,
            -5.6503204313811795
        ],
        [
            -1.4735828333758292,
            8.081726622165398
        ],
        [
            0.09005126999279867,
            -2.1629744564776736
        ],
        [
            2.2953570577070455,
            -8.830371811507087
        ],
        [
            2.4303134616141815,
            9.198699936674963
        ],
        [
            7.665547430858155,
            7.135079425067598
        ],
        [
            1.9893217977873014,
            7.412012049058639
        ]
    ]
}