{
    "city_size_x": [
        -10,
        10
    ],
    "city_size_y": [
        -10,
        10
    ],
    "existing_stores": [
        [
            -7.274342223898211,
            5.959672649898957
        ],
        [
            4.736617183211926,
            -3.8938861556044984
        ],
        [
            -6.497298990872242,
            4.815122652425089
        ]
    ],
    "new_stores": [
        [
            -1.9572263949894442,
            9.413729372910641
        ],
        [
            3.5306399522465206,
            7.232962682710525
        ],
        [
            -5.030695511394403,
            -7.625248973477676
        ],
        [
            0.9097608103415507,
            4.450161678093545
        ],
        [
            -2.2327532890441155,
            -5.54867615830606
        ],
        [
            2.533774911887905,
            5.78179535834834
        ],
        [
            0.5716660735141605,
            -0.21411137970237348
        ],
        [
            -2.2127482707117085,
            1.5475655646228432
        ],
        [
            -6.9499234721100445,
            -8.881433103031133
        ],
        [
            -0.9149890391635846,
            -9.12973914268235
        ]
    ]
}